q1	structural pruning for language models
q2	model compression techniques for LLMs
q3	attention heads pruning in transformers
q4	MLP pruning strategies
q5	parameter efficient fine-tuning methods
q6	accelerating language model pre-training
q7	structured pruning versus unstructured pruning
q8	sheared llama model architecture
q9	efficient large language models
q10	cost effective pre-training of LLMs
q11	reducing inference time in language models
q12	sparse attention mechanisms
q13	knowledge distillation for LLMs
q14	quantization techniques for transformers
q15	dynamic routing in language models